-- Seed v5 RESET: limpia solo los datos demo de la cuenta demo y vuelve a cargarlos completos.
-- Úsalo en Supabase SQL Editor si la app dice que faltan datos o no guarda el evento.

insert into sports (id, code, name, players_per_court, active)
values ('01000000-0000-0000-0000-000000000001', 'padel', 'Pádel', 4, true)
on conflict (code) do update set name = excluded.name, players_per_court = excluded.players_per_court, active = true;

-- Limpieza ordenada de datos demo de la cuenta demo.
delete from audit_logs where account_id = '00000000-0000-0000-0000-000000000001';
delete from participations where account_id = '00000000-0000-0000-0000-000000000001';
delete from invitations where account_id = '00000000-0000-0000-0000-000000000001';
delete from messages where account_id = '00000000-0000-0000-0000-000000000001';
delete from events where account_id = '00000000-0000-0000-0000-000000000001';
delete from message_templates where account_id = '00000000-0000-0000-0000-000000000001';
delete from messaging_accounts where account_id = '00000000-0000-0000-0000-000000000001';
delete from event_templates where account_id = '00000000-0000-0000-0000-000000000001';
delete from player_relationships where account_id = '00000000-0000-0000-0000-000000000001';
delete from player_availability where player_id in (select id from players where account_id = '00000000-0000-0000-0000-000000000001');
delete from player_venues where player_id in (select id from players where account_id = '00000000-0000-0000-0000-000000000001');
delete from player_communities where player_id in (select id from players where account_id = '00000000-0000-0000-0000-000000000001');
delete from players where account_id = '00000000-0000-0000-0000-000000000001';
delete from community_venues where community_id in (select id from communities where account_id = '00000000-0000-0000-0000-000000000001');
delete from communities where account_id = '00000000-0000-0000-0000-000000000001';
delete from venues where account_id = '00000000-0000-0000-0000-000000000001';
delete from app_users where account_id = '00000000-0000-0000-0000-000000000001';
delete from accounts where id = '00000000-0000-0000-0000-000000000001';

insert into accounts (id, name, client_type, country, city)
values ('00000000-0000-0000-0000-000000000001', 'Pro Team Max Demo', 'organizador', 'EC', 'Guayaquil');

insert into venues (id, account_id, name, city, courts_count, default_duration_minutes)
values
('10000000-0000-0000-0000-000000000001', '00000000-0000-0000-0000-000000000001', 'WE', 'Guayaquil', 4, 90),
('10000000-0000-0000-0000-000000000002', '00000000-0000-0000-0000-000000000001', 'La Perla', 'Guayaquil', 3, 90),
('10000000-0000-0000-0000-000000000003', '00000000-0000-0000-0000-000000000001', 'Spot Padel', 'Guayaquil', 4, 90),
('10000000-0000-0000-0000-000000000004', '00000000-0000-0000-0000-000000000001', 'Manta', 'Manta', 4, 90);

insert into communities (id, account_id, sport_id, name, city, default_category)
values
('20000000-0000-0000-0000-000000000001', '00000000-0000-0000-0000-000000000001', '01000000-0000-0000-0000-000000000001', 'Padel Prox', 'Guayaquil', 'C5'),
('20000000-0000-0000-0000-000000000002', '00000000-0000-0000-0000-000000000001', '01000000-0000-0000-0000-000000000001', 'Mixtos Guayaquil', 'Guayaquil', 'C5'),
('20000000-0000-0000-0000-000000000003', '00000000-0000-0000-0000-000000000001', '01000000-0000-0000-0000-000000000001', 'Sparring / Quedadas', 'Guayaquil', 'C5');

insert into community_venues (community_id, venue_id)
values
('20000000-0000-0000-0000-000000000001', '10000000-0000-0000-0000-000000000001'),
('20000000-0000-0000-0000-000000000001', '10000000-0000-0000-0000-000000000002'),
('20000000-0000-0000-0000-000000000001', '10000000-0000-0000-0000-000000000003'),
('20000000-0000-0000-0000-000000000002', '10000000-0000-0000-0000-000000000001'),
('20000000-0000-0000-0000-000000000002', '10000000-0000-0000-0000-000000000002'),
('20000000-0000-0000-0000-000000000003', '10000000-0000-0000-0000-000000000003');

insert into players (id, account_id, first_name, last_name, whatsapp, gender, declared_category, validated_category, preferred_side, status, opt_in_whatsapp, reliability_score, last_activity_at)
values
('30000000-0000-0000-0000-000000000001', '00000000-0000-0000-0000-000000000001', 'Juan', 'Pérez', '+593991111111', 'hombre', 'C5', 'C5', 'drive', 'activo', true, 94, now() - interval '8 days'),
('30000000-0000-0000-0000-000000000002', '00000000-0000-0000-0000-000000000001', 'Carlos', 'Ruiz', '+593992222222', 'hombre', 'C5', 'C5', 'reves', 'activo', true, 88, now() - interval '14 days'),
('30000000-0000-0000-0000-000000000003', '00000000-0000-0000-0000-000000000001', 'Pedro', 'Mora', '+593993333333', 'hombre', 'C5', 'C5', 'cualquiera', 'activo', true, 78, now() - interval '3 days'),
('30000000-0000-0000-0000-000000000004', '00000000-0000-0000-0000-000000000001', 'Luis', 'Andrade', '+593994444444', 'hombre', 'C5', 'C5', 'drive', 'activo', true, 81, now() - interval '20 days'),
('30000000-0000-0000-0000-000000000005', '00000000-0000-0000-0000-000000000001', 'Andrés', 'Vera', '+593995555555', 'hombre', 'C5', 'C5', 'reves', 'activo', true, 67, now() - interval '35 days'),
('30000000-0000-0000-0000-000000000006', '00000000-0000-0000-0000-000000000001', 'Marco', 'León', '+593996666666', 'hombre', 'C6', 'C6', 'cualquiera', 'activo', true, 91, now() - interval '11 days'),
('30000000-0000-0000-0000-000000000007', '00000000-0000-0000-0000-000000000001', 'David', 'Torres', '+593997777777', 'hombre', 'C6', 'C6', 'drive', 'activo', true, 93, now() - interval '4 days'),
('30000000-0000-0000-0000-000000000008', '00000000-0000-0000-0000-000000000001', 'Sofía', 'Lima', '+593998888888', 'mujer', 'C5', 'C5', 'reves', 'activo', true, 90, now() - interval '6 days'),
('30000000-0000-0000-0000-000000000009', '00000000-0000-0000-0000-000000000001', 'María', 'Torres', '+593989999999', 'mujer', 'C4', 'C4', 'drive', 'activo', true, 92, now() - interval '5 days'),
('30000000-0000-0000-0000-000000000010', '00000000-0000-0000-0000-000000000001', 'Ana', 'Salazar', '+593987777777', 'mujer', 'C6', 'C6', 'cualquiera', 'activo', true, 85, now() - interval '12 days');

insert into player_communities (player_id, community_id, community_category, status)
values
('30000000-0000-0000-0000-000000000001', '20000000-0000-0000-0000-000000000001', 'C5', 'activo'),
('30000000-0000-0000-0000-000000000002', '20000000-0000-0000-0000-000000000001', 'C5', 'activo'),
('30000000-0000-0000-0000-000000000003', '20000000-0000-0000-0000-000000000001', 'C5', 'activo'),
('30000000-0000-0000-0000-000000000004', '20000000-0000-0000-0000-000000000001', 'C5', 'activo'),
('30000000-0000-0000-0000-000000000005', '20000000-0000-0000-0000-000000000001', 'C5', 'activo'),
('30000000-0000-0000-0000-000000000006', '20000000-0000-0000-0000-000000000001', 'C6', 'activo'),
('30000000-0000-0000-0000-000000000007', '20000000-0000-0000-0000-000000000001', 'C6', 'activo'),
('30000000-0000-0000-0000-000000000008', '20000000-0000-0000-0000-000000000002', 'C5', 'activo'),
('30000000-0000-0000-0000-000000000009', '20000000-0000-0000-0000-000000000002', 'C4', 'activo'),
('30000000-0000-0000-0000-000000000010', '20000000-0000-0000-0000-000000000001', 'C6', 'activo');

insert into player_venues (player_id, venue_id, preference)
values
('30000000-0000-0000-0000-000000000001', '10000000-0000-0000-0000-000000000001', 'preferida'),
('30000000-0000-0000-0000-000000000002', '10000000-0000-0000-0000-000000000001', 'preferida'),
('30000000-0000-0000-0000-000000000002', '10000000-0000-0000-0000-000000000002', 'aceptada'),
('30000000-0000-0000-0000-000000000003', '10000000-0000-0000-0000-000000000001', 'preferida'),
('30000000-0000-0000-0000-000000000004', '10000000-0000-0000-0000-000000000002', 'aceptada'),
('30000000-0000-0000-0000-000000000004', '10000000-0000-0000-0000-000000000003', 'preferida'),
('30000000-0000-0000-0000-000000000005', '10000000-0000-0000-0000-000000000001', 'preferida'),
('30000000-0000-0000-0000-000000000006', '10000000-0000-0000-0000-000000000001', 'preferida'),
('30000000-0000-0000-0000-000000000007', '10000000-0000-0000-0000-000000000002', 'preferida'),
('30000000-0000-0000-0000-000000000008', '10000000-0000-0000-0000-000000000001', 'aceptada'),
('30000000-0000-0000-0000-000000000008', '10000000-0000-0000-0000-000000000002', 'aceptada'),
('30000000-0000-0000-0000-000000000009', '10000000-0000-0000-0000-000000000001', 'aceptada'),
('30000000-0000-0000-0000-000000000009', '10000000-0000-0000-0000-000000000003', 'preferida'),
('30000000-0000-0000-0000-000000000010', '10000000-0000-0000-0000-000000000003', 'preferida');

insert into player_availability (player_id, day_of_week, start_time, end_time)
values
('30000000-0000-0000-0000-000000000001', 2, '18:00', '22:00'),
('30000000-0000-0000-0000-000000000002', 2, '19:00', '22:00'),
('30000000-0000-0000-0000-000000000003', 2, '17:00', '20:00'),
('30000000-0000-0000-0000-000000000004', 2, '19:00', '23:00'),
('30000000-0000-0000-0000-000000000005', 2, '19:00', '21:00'),
('30000000-0000-0000-0000-000000000006', 2, '18:00', '22:00'),
('30000000-0000-0000-0000-000000000007', 2, '19:00', '22:00'),
('30000000-0000-0000-0000-000000000008', 2, '19:00', '22:00'),
('30000000-0000-0000-0000-000000000009', 2, '18:00', '22:30'),
('30000000-0000-0000-0000-000000000010', 2, '17:30', '21:00');

insert into messaging_accounts (id, account_id, provider, mode_active, display_name, status)
values ('40000000-0000-0000-0000-000000000001', '00000000-0000-0000-0000-000000000001', 'manual', 'manual', 'Pro Team Max Manual Demo', 'activo');
